"filename", "language", "JSON", "HTML", "JavaScript", "Vue", "XML", "Markdown", "CSS", "comment", "blank", "total"
"c:\Users\Administrator\Desktop\2026年1月7日\卡歌\农家菌肥商城小程序\TW-MiniApp-chuqiAdmin\camping-life-admin-vue\README.md", "Markdown", 0, 0, 0, 0, 0, 3, 0, 0, 3, 6
"c:\Users\Administrator\Desktop\2026年1月7日\卡歌\农家菌肥商城小程序\TW-MiniApp-chuqiAdmin\camping-life-admin-vue\index.html", "HTML", 0, 13, 0, 0, 0, 0, 0, 0, 1, 14
"c:\Users\Administrator\Desktop\2026年1月7日\卡歌\农家菌肥商城小程序\TW-MiniApp-chuqiAdmin\camping-life-admin-vue\package-lock.json", "JSON", 3698, 0, 0, 0, 0, 0, 0, 0, 1, 3699
"c:\Users\Administrator\Desktop\2026年1月7日\卡歌\农家菌肥商城小程序\TW-MiniApp-chuqiAdmin\camping-life-admin-vue\package.json", "JSON", 26, 0, 0, 0, 0, 0, 0, 0, 1, 27
"c:\Users\Administrator\Desktop\2026年1月7日\卡歌\农家菌肥商城小程序\TW-MiniApp-chuqiAdmin\camping-life-admin-vue\public\favicon.svg", "XML", 0, 0, 0, 0, 1, 0, 0, 0, 0, 1
"c:\Users\Administrator\Desktop\2026年1月7日\卡歌\农家菌肥商城小程序\TW-MiniApp-chuqiAdmin\camping-life-admin-vue\public\icons.svg", "XML", 0, 0, 0, 0, 24, 0, 0, 0, 1, 25
"c:\Users\Administrator\Desktop\2026年1月7日\卡歌\农家菌肥商城小程序\TW-MiniApp-chuqiAdmin\camping-life-admin-vue\src\App.vue", "Vue", 0, 0, 0, 10, 0, 0, 0, 0, 3, 13
"c:\Users\Administrator\Desktop\2026年1月7日\卡歌\农家菌肥商城小程序\TW-MiniApp-chuqiAdmin\camping-life-admin-vue\src\api\index.js", "JavaScript", 0, 0, 58, 0, 0, 0, 0, 0, 11, 69
"c:\Users\Administrator\Desktop\2026年1月7日\卡歌\农家菌肥商城小程序\TW-MiniApp-chuqiAdmin\camping-life-admin-vue\src\assets\vite.svg", "XML", 0, 0, 0, 0, 1, 0, 0, 0, 1, 2
"c:\Users\Administrator\Desktop\2026年1月7日\卡歌\农家菌肥商城小程序\TW-MiniApp-chuqiAdmin\camping-life-admin-vue\src\assets\vue.svg", "XML", 0, 0, 0, 0, 1, 0, 0, 0, 0, 1
"c:\Users\Administrator\Desktop\2026年1月7日\卡歌\农家菌肥商城小程序\TW-MiniApp-chuqiAdmin\camping-life-admin-vue\src\components\HelloWorld.vue", "Vue", 0, 0, 0, 90, 0, 0, 0, 0, 6, 96
"c:\Users\Administrator\Desktop\2026年1月7日\卡歌\农家菌肥商城小程序\TW-MiniApp-chuqiAdmin\camping-life-admin-vue\src\main.js", "JavaScript", 0, 0, 17, 0, 0, 0, 0, 0, 4, 21
"c:\Users\Administrator\Desktop\2026年1月7日\卡歌\农家菌肥商城小程序\TW-MiniApp-chuqiAdmin\camping-life-admin-vue\src\router\index.js", "JavaScript", 0, 0, 39, 0, 0, 0, 0, 0, 5, 44
"c:\Users\Administrator\Desktop\2026年1月7日\卡歌\农家菌肥商城小程序\TW-MiniApp-chuqiAdmin\camping-life-admin-vue\src\stores\user.js", "JavaScript", 0, 0, 30, 0, 0, 0, 0, 0, 5, 35
"c:\Users\Administrator\Desktop\2026年1月7日\卡歌\农家菌肥商城小程序\TW-MiniApp-chuqiAdmin\camping-life-admin-vue\src\style.css", "CSS", 0, 0, 0, 0, 0, 0, 19, 0, 5, 24
"c:\Users\Administrator\Desktop\2026年1月7日\卡歌\农家菌肥商城小程序\TW-MiniApp-chuqiAdmin\camping-life-admin-vue\src\views\config\index.vue", "Vue", 0, 0, 0, 44, 0, 0, 0, 0, 6, 50
"c:\Users\Administrator\Desktop\2026年1月7日\卡歌\农家菌肥商城小程序\TW-MiniApp-chuqiAdmin\camping-life-admin-vue\src\views\content\list.vue", "Vue", 0, 0, 0, 85, 0, 0, 0, 0, 8, 93
"c:\Users\Administrator\Desktop\2026年1月7日\卡歌\农家菌肥商城小程序\TW-MiniApp-chuqiAdmin\camping-life-admin-vue\src\views\dashboard\index.vue", "Vue", 0, 0, 0, 148, 0, 0, 0, 0, 8, 156
"c:\Users\Administrator\Desktop\2026年1月7日\卡歌\农家菌肥商城小程序\TW-MiniApp-chuqiAdmin\camping-life-admin-vue\src\views\layout\index.vue", "Vue", 0, 0, 0, 88, 0, 0, 0, 0, 5, 93
"c:\Users\Administrator\Desktop\2026年1月7日\卡歌\农家菌肥商城小程序\TW-MiniApp-chuqiAdmin\camping-life-admin-vue\src\views\login\index.vue", "Vue", 0, 0, 0, 73, 0, 0, 0, 0, 6, 79
"c:\Users\Administrator\Desktop\2026年1月7日\卡歌\农家菌肥商城小程序\TW-MiniApp-chuqiAdmin\camping-life-admin-vue\src\views\order\trial.vue", "Vue", 0, 0, 0, 80, 0, 0, 0, 0, 7, 87
"c:\Users\Administrator\Desktop\2026年1月7日\卡歌\农家菌肥商城小程序\TW-MiniApp-chuqiAdmin\camping-life-admin-vue\src\views\orders\pickup.vue", "Vue", 0, 0, 0, 95, 0, 0, 0, 0, 9, 104
"c:\Users\Administrator\Desktop\2026年1月7日\卡歌\农家菌肥商城小程序\TW-MiniApp-chuqiAdmin\camping-life-admin-vue\src\views\orders\recharge.vue", "Vue", 0, 0, 0, 81, 0, 0, 0, 0, 6, 87
"c:\Users\Administrator\Desktop\2026年1月7日\卡歌\农家菌肥商城小程序\TW-MiniApp-chuqiAdmin\camping-life-admin-vue\src\views\partner\list.vue", "Vue", 0, 0, 0, 79, 0, 0, 0, 0, 8, 87
"c:\Users\Administrator\Desktop\2026年1月7日\卡歌\农家菌肥商城小程序\TW-MiniApp-chuqiAdmin\camping-life-admin-vue\src\views\users\list.vue", "Vue", 0, 0, 0, 163, 0, 0, 0, 0, 11, 174
"c:\Users\Administrator\Desktop\2026年1月7日\卡歌\农家菌肥商城小程序\TW-MiniApp-chuqiAdmin\camping-life-admin-vue\vite.config.js", "JavaScript", 0, 0, 32, 0, 0, 0, 0, 0, 2, 34
"Total", "-", 3724, 13, 176, 1036, 27, 3, 19, 0, 123, 5121